,City,Cloudiness,Country,Date,Humidity,Lat,Lng,Max Temp,Wind Speed
0,Teknāf,50,BD,1586981242,87,20.86,92.31,74.97,3.42
1,Butaritari,96,KI,1586981243,81,3.07,172.79,82.9,17.9
2,Ola,92,RU,1586981243,94,59.58,151.28,20.34,3.47
3,Klaksvík,55,FO,1586981243,80,62.23,-6.59,41.0,19.46
4,Busselton,76,AU,1586981243,62,-33.65,115.33,55.0,6.22
5,Nanortalik,100,GL,1586981243,93,60.14,-45.24,36.25,11.99
6,Ushuaia,20,AR,1586981243,47,-54.8,-68.3,55.4,4.7
7,Saint Paul Harbor,90,US,1586981244,81,57.79,-152.41,44.6,6.93
8,Vaini,75,TO,1586981244,94,-21.2,-175.2,73.4,3.36
9,Rikitea,99,PF,1586981244,72,-23.12,-134.97,76.35,4.61
10,Ko Samui,100,TH,1586981149,71,9.54,99.94,83.62,7.0
11,Leningradskiy,100,RU,1586981244,94,69.38,178.42,16.81,4.85
12,Tuktoyaktuk,40,CA,1586981244,86,69.45,-133.04,26.6,5.82
13,Jamestown,90,US,1586981038,72,42.1,-79.24,39.2,4.7
14,Hermanus,56,ZA,1586980994,91,-34.42,19.23,60.01,2.39
15,Cockburn Town,40,TC,1586981245,70,21.46,-71.14,86.0,16.11
16,Khatanga,0,RU,1586981245,89,71.97,102.5,-9.6,6.35
17,Chui,94,UY,1586981245,72,-33.7,-53.46,64.24,20.62
18,Yellowknife,75,CA,1586981245,73,62.46,-114.35,26.01,6.93
19,Heihe,20,CN,1586981246,63,50.24,127.49,30.2,2.42
20,Qaanaaq,71,GL,1586981003,89,77.48,-69.36,10.33,2.42
21,Hobart,75,AU,1586981085,63,-42.88,147.33,62.6,11.41
22,Ponta do Sol,75,PT,1586981246,77,32.67,-17.1,60.8,10.29
23,East London,24,ZA,1586981246,74,-33.02,27.91,65.14,12.77
24,Esperance,90,AU,1586981247,93,-33.87,121.9,57.2,4.7
25,Aklavik,40,CA,1586981247,64,68.22,-135.01,39.2,2.24
26,Cabo San Lucas,5,MX,1586981247,53,22.89,-109.91,84.0,9.17
27,Iskateley,100,RU,1586981247,94,67.68,53.15,33.4,11.77
28,Saint-Philippe,18,RE,1586981247,69,-21.36,55.77,75.2,6.93
29,Hong Kong,90,HK,1586981169,77,22.29,114.16,70.0,3.36
30,Bluff,56,NZ,1586981248,88,-46.6,168.33,50.0,11.01
31,Bafra,75,TR,1586981248,87,41.57,35.91,48.2,1.12
32,Barcelos,40,PT,1586981248,87,41.54,-8.62,59.0,11.41
33,Mahébourg,40,MU,1586981248,74,-20.41,57.7,78.8,16.11
34,George,91,ZA,1586981248,82,-33.96,22.46,59.0,4.7
35,Lompoc,1,US,1586980995,46,34.64,-120.46,79.0,8.05
36,Hilo,40,US,1586981249,61,19.73,-155.09,79.0,5.82
37,San Cristobal,40,VE,1586981249,49,7.77,-72.22,89.6,10.29
38,Mocuba,0,MZ,1586981249,89,-16.84,36.99,72.82,2.84
39,Fort Nelson,40,CA,1586981249,48,58.81,-122.7,44.6,4.7
40,Tiksi,100,RU,1586981250,91,71.69,128.87,-5.1,9.17
41,North Bend,75,US,1586981250,81,43.41,-124.22,62.01,11.41
42,Bilibino,100,RU,1586981250,84,68.05,166.44,9.37,2.62
43,Kaitangata,26,NZ,1586981250,66,-46.28,169.85,51.01,8.01
44,Kavieng,100,PG,1586981250,71,-2.57,150.8,82.4,1.1
45,Menongue,74,AO,1586981251,50,-14.66,17.69,65.25,1.3
46,Callaway,40,US,1586981251,40,30.15,-85.57,71.6,13.87
47,Avarua,92,CK,1586981251,69,-21.21,-159.78,80.6,4.7
48,Alexandria,7,EG,1586981038,49,31.22,29.96,69.8,4.7
49,Cherskiy,92,RU,1586981251,91,68.75,161.3,2.52,4.05
50,Carlsbad,1,US,1586981169,53,33.16,-117.35,81.0,10.29
51,Naze,70,JP,1586981251,63,28.37,129.48,64.4,11.41
52,Bathsheba,20,BB,1586981252,58,13.22,-59.52,86.0,16.11
53,The Valley,40,AI,1586980987,61,18.22,-63.06,87.8,12.75
54,Mnogovershinnyy,0,RU,1586981252,89,53.94,139.92,25.3,4.29
55,Maltahöhe,0,NA,1586981252,15,-24.83,16.98,62.08,9.37
56,Ürümqi,100,CN,1586981252,58,43.8,87.6,59.0,8.95
57,Shingū,100,JP,1586981253,49,33.73,135.98,53.87,5.53
58,São João da Barra,96,BR,1586981253,62,-21.64,-41.05,86.0,9.17
59,Chokurdakh,100,RU,1586981253,89,70.63,147.92,-6.81,7.72
60,Kapaa,40,US,1586981253,78,22.08,-159.32,78.8,11.41
61,Karratha,82,AU,1586981253,71,-20.74,116.85,81.41,8.43
62,Tahoua,53,NE,1586981253,9,14.89,5.27,86.88,10.71
63,Puerto Ayora,40,EC,1586981253,66,-0.74,-90.35,86.0,19.46
64,Sitka,90,US,1586981254,93,57.05,-135.33,44.6,4.7
65,Saint-Augustin,26,CA,1586981254,83,51.23,-58.65,34.25,15.99
66,Hofn,20,IS,1586981254,45,64.25,-15.21,44.6,11.41
67,Areia Branca,90,BR,1586981027,80,-4.96,-37.14,80.15,8.08
68,Yamachiche,90,CA,1586981254,64,46.27,-72.83,41.0,6.93
69,Letpadan,98,MM,1586981255,81,17.78,95.75,71.67,0.38
70,Valréas,0,FR,1586981255,54,44.38,4.99,59.0,5.82
71,Zaysan,100,KZ,1586981255,61,47.47,84.87,45.45,4.29
72,Asău,4,RO,1586981255,49,46.43,26.4,48.2,1.12
73,Lebu,97,CL,1586981255,67,-37.62,-73.65,60.39,8.84
74,Port Alfred,3,ZA,1586981256,94,-33.59,26.89,61.0,1.99
75,New Norfolk,75,AU,1586981256,63,-42.78,147.06,62.6,11.41
76,Punta Arenas,91,CL,1586981101,50,-53.15,-70.92,57.2,2.24
77,Belyy Yar,97,RU,1586981256,61,53.6,91.39,50.0,6.71
78,Tessalit,100,ML,1586981256,22,20.2,1.01,83.55,6.78
79,La Rioja,18,AR,1586981256,32,-29.41,-66.85,75.61,6.33
80,Hithadhoo,88,MV,1586981256,73,-0.6,73.08,84.36,10.67
81,Yaan,51,NG,1586981257,57,7.38,8.57,87.44,9.28
82,Port Elizabeth,70,ZA,1586981257,93,-33.92,25.57,55.4,3.36
83,Saint George,1,US,1586981174,18,37.1,-113.58,68.0,3.36
84,Mataura,55,NZ,1586981257,88,-46.19,168.86,50.0,11.01
85,Tasiilaq,75,GL,1586981257,80,65.61,-37.64,30.2,3.36
86,Laas,5,IT,1586981257,60,46.62,10.7,59.0,3.71
87,Stryn,75,NO,1586981258,86,61.9,6.72,44.6,27.51
88,Staritsa,100,RU,1586981258,90,56.51,34.94,34.45,7.34
89,Vaitape,45,PF,1586981258,66,-16.52,-151.75,84.06,9.33
90,Moussoro,0,TD,1586981258,12,13.64,16.49,84.31,13.2
91,Jalu,98,LY,1586981258,23,29.03,21.55,80.38,14.43
92,Viedma,79,AR,1586981258,26,-40.81,-63.0,70.47,11.12
93,Herat Province,0,AF,1586981258,42,34.5,62.0,53.19,4.41
94,Caravelas,42,BR,1586981259,82,-17.71,-39.25,79.2,8.39
95,Harper,100,LR,1586981259,81,4.38,-7.72,81.7,5.12
96,Provideniya,75,RU,1586981259,86,64.38,-173.3,30.2,11.18
97,Porto-Novo,0,BJ,1586981259,78,6.5,2.6,83.59,9.35
98,Dikson,62,RU,1586981259,82,73.51,80.55,4.42,5.41
99,Polunochnoye,99,RU,1586981259,91,60.87,60.42,34.72,6.33
100,Gariāband,28,IN,1586981260,23,20.64,82.06,81.55,4.14
101,Zhaotong,90,CN,1586981260,33,27.32,103.72,56.57,0.78
102,Mehamn,75,NO,1586981260,80,71.04,27.85,35.6,13.87
103,Bethel,90,US,1586981036,28,41.37,-73.41,53.6,10.29
104,Carnarvon,75,AU,1586981261,50,-24.87,113.63,75.2,13.87
105,Monrovia,75,LR,1586981250,83,6.3,-10.8,84.2,5.68
106,Cañete,98,CL,1586981261,64,-37.8,-73.4,60.17,2.91
107,Bonavista,100,CA,1586981261,88,48.65,-53.11,35.01,5.01
108,Garh Maharaja,100,PK,1586981261,18,30.83,71.91,79.25,4.38
109,Gavere,32,BE,1586981261,50,50.93,3.69,59.0,5.82
110,Gigmoto,52,PH,1586981261,81,13.78,124.39,81.14,9.71
111,Barrow,90,US,1586981262,85,71.29,-156.79,19.4,21.92
112,Bundaberg,10,AU,1586981262,88,-24.85,152.35,64.4,6.93
113,Quang Ngai,87,VN,1586980988,85,15.12,108.8,73.65,3.71
114,Upernavik,23,GL,1586981262,89,72.79,-56.15,18.86,8.97
115,Cape Town,40,ZA,1586980972,67,-33.93,18.42,62.6,3.36
116,Mar del Plata,20,AR,1586981080,59,-38.0,-57.56,62.6,11.41
117,Qian’an,100,CN,1586981263,42,44.99,124.06,49.66,10.38
118,Atuona,69,PF,1586981263,75,-9.8,-139.03,82.74,12.17
119,Lábrea,69,BR,1586981263,87,-7.26,-64.8,81.37,2.71
120,Pacific Grove,1,US,1586981263,35,36.62,-121.92,80.01,5.5
121,Zambezi,93,ZM,1586981264,64,-13.54,23.1,67.44,4.29
122,Thompson,40,CA,1586981224,41,55.74,-97.86,24.8,13.87
123,Yumen,97,CN,1586981264,25,40.28,97.2,50.99,16.8
124,Ribeira Grande,40,PT,1586981264,71,38.52,-28.7,55.4,19.46
125,Cidreira,49,BR,1586980986,58,-30.18,-50.21,67.57,19.69
126,Wagar,70,SD,1586981265,27,16.15,36.2,71.29,10.83
127,Cape Coast,78,GH,1586981265,82,5.11,-1.25,83.03,7.76
128,San Luis,21,AR,1586981189,25,-33.3,-66.34,72.55,9.04
129,Saskylakh,98,RU,1586981265,90,71.92,114.08,-6.32,5.82
130,Comodoro Rivadavia,40,AR,1586981177,53,-45.87,-67.5,71.6,8.05
131,George Town,40,MY,1586981265,94,5.41,100.34,78.8,0.45
132,Blatná,2,CZ,1586981266,87,49.42,13.88,48.0,3.24
133,Beringovskiy,99,RU,1586981266,97,63.05,179.32,23.16,11.21
134,Daoukro,94,CI,1586981266,90,7.06,-3.96,75.9,4.14
135,Cocobeach,20,GA,1586981266,88,1.0,9.58,82.4,5.82
136,Grande Prairie,40,CA,1586981266,55,55.17,-118.8,37.4,2.24
137,Plettenberg Bay,85,ZA,1586981266,64,-34.05,23.37,61.48,4.72
138,San Andrés,14,CO,1586981267,72,12.58,-81.7,81.73,11.27
139,Ilulissat,75,GL,1586981267,50,69.22,-51.1,30.2,4.7
140,Zhumadian,77,CN,1586981267,78,32.98,114.03,59.41,5.39
141,Vanavara,85,RU,1586981267,80,60.34,102.28,34.66,1.59
142,Faanui,42,PF,1586981267,66,-16.48,-151.75,83.21,9.37
143,Puerto Suárez,20,BO,1586981267,34,-18.95,-57.8,80.6,5.82
144,Yar-Sale,0,RU,1586981268,91,66.83,70.83,13.53,11.21
145,San Clemente,1,US,1586981268,25,33.43,-117.61,82.99,8.05
146,Albany,40,US,1586981268,31,42.6,-73.97,48.99,17.22
147,Husavik,75,IS,1586981268,80,66.04,-17.34,35.6,3.36
148,Ngunguru,15,NZ,1586981268,87,-35.62,174.5,57.99,7.0
149,Torbay,90,CA,1586981116,65,47.67,-52.73,42.01,8.05
150,Stromness,57,GB,1586981268,93,58.97,-3.3,48.2,16.11
151,San Patricio,20,MX,1586981269,78,19.22,-104.7,80.6,9.17
152,Beidao,33,CN,1586981269,37,34.57,105.89,57.36,3.04
153,Norman Wells,75,CA,1586981269,51,65.28,-126.83,39.2,8.05
154,Channel-Port aux Basques,100,CA,1586981269,95,47.57,-59.14,33.53,2.82
155,Shache,100,CN,1586981269,23,38.42,77.24,63.28,14.58
156,Arraial do Cabo,40,BR,1586981270,69,-22.97,-42.03,80.6,6.93
157,Fortuna,1,US,1586981270,87,40.6,-124.16,70.0,10.29
158,Waipawa,53,NZ,1586981270,93,-41.41,175.52,48.2,11.41
159,Port Hardy,75,CA,1586981270,87,50.7,-127.42,48.2,3.36
160,Turan,40,VN,1586981270,83,16.07,108.22,77.0,1.12
161,Sri Aman,94,MY,1586981271,100,1.24,111.46,77.0,0.87
162,San Fernando del Valle de Catamarca,39,AR,1586981271,55,-28.47,-65.79,80.01,5.01
163,Pevek,100,RU,1586981271,94,69.7,170.31,8.94,2.86
164,Río Gallegos,93,AR,1586981271,51,-51.62,-69.22,60.8,2.44
165,Bireun,73,ID,1586981271,75,5.2,96.7,80.29,3.96
166,Bredasdorp,100,ZA,1586981271,82,-34.53,20.04,60.8,3.36
167,Cabedelo,75,BR,1586981272,83,-6.98,-34.83,80.6,8.05
168,Russell,1,US,1586981272,29,32.35,-85.2,68.0,12.75
169,Touros,75,BR,1586981272,83,-5.2,-35.46,80.6,2.24
170,Lagoa,0,PT,1586981272,69,39.05,-27.98,56.66,22.57
171,Culebra,75,PR,1586981272,69,18.3,-65.3,86.0,12.75
172,Longyearbyen,75,SJ,1586981272,74,78.22,15.64,35.6,24.16
173,Saldanha,50,ZA,1586981272,77,-33.01,17.94,60.8,6.93
174,Palmer,40,US,1586981273,26,42.16,-72.33,53.01,19.46
175,Safi,50,MA,1586981273,81,32.3,-9.24,62.69,11.14
176,Cayenne,40,GF,1586981254,62,4.93,-52.33,86.0,11.41
177,Anloga,40,GH,1586981273,79,5.79,0.9,86.0,11.41
178,Fethiye,75,TR,1586981064,59,36.62,29.12,64.4,14.99
179,Guozhen,93,CN,1586981274,30,34.37,107.36,61.09,6.17
180,Srednekolymsk,39,RU,1586981274,91,67.45,153.68,-2.24,10.94
181,Kutum,0,SD,1586981274,14,14.2,24.67,62.73,8.21
182,Eyl,11,SO,1586981274,77,7.98,49.82,83.03,10.8
183,Saint Simons,90,US,1586981274,87,31.14,-81.39,64.0,3.36
184,Puerto Colombia,20,CO,1586981274,55,10.99,-74.95,91.4,13.87
185,Lazurne,100,UA,1586981275,59,46.08,32.53,48.0,11.99
186,Kuching,40,MY,1586981275,88,1.55,110.33,80.6,3.36
187,Zlobin,19,HR,1586981275,58,45.29,14.65,46.99,1.01
188,Kayerkan,0,RU,1586981275,60,69.35,87.76,8.6,11.18
189,Ukiah,1,US,1586981220,35,39.15,-123.21,78.01,4.7
190,Maningrida,91,AU,1586981276,90,-12.07,134.27,75.07,8.75
191,Pisco,0,PE,1586981276,30,-13.7,-76.22,75.99,13.87
192,Ancud,90,CL,1586981276,100,-41.87,-73.82,53.6,18.34
193,Iqaluit,75,CA,1586981000,62,63.75,-68.51,24.8,19.46
194,Chapais,75,CA,1586981276,49,49.78,-74.85,24.8,10.29
195,Taltal,100,CL,1586981276,64,-25.4,-70.48,67.6,6.82
196,Codrington,23,AU,1586981277,91,-38.27,141.97,58.66,12.95
197,Castro,0,BR,1586981277,41,-24.79,-50.01,55.24,0.51
198,Bilma,40,NE,1586981277,11,18.69,12.92,85.8,9.28
199,Geraldton,0,AU,1586981277,77,-28.77,114.6,60.8,10.29
200,Mandlā,68,IN,1586981277,20,22.6,80.38,80.76,0.83
201,Djambala,93,CG,1586981278,65,-2.54,14.75,74.35,0.76
202,Sault Ste. Marie,40,CA,1586981278,54,46.52,-84.33,30.2,14.99
203,Arman',76,RU,1586981278,94,59.7,150.17,18.79,3.8
204,Muscatine,90,US,1586981278,59,41.47,-91.13,39.2,12.75
205,Veinticinco de Mayo,0,AR,1586981278,47,-35.43,-60.17,62.11,5.79
206,Salalah,40,OM,1586981279,74,17.02,54.09,82.4,5.82
207,Megion,100,RU,1586981279,97,61.03,76.11,39.2,6.71
208,College,75,US,1586981279,60,64.86,-147.8,48.0,2.84
209,Kasongo-Lunda,100,CD,1586981280,67,-6.47,16.82,76.32,0.72
210,Nikolskoye,36,RU,1586981280,98,59.7,30.79,32.0,6.71
211,Hasaki,75,JP,1586981280,87,35.73,140.83,50.0,19.46
212,Cap-aux-Meules,75,CA,1586981042,44,47.38,-61.86,41.0,9.17
213,Darova,0,RO,1586981280,69,45.64,21.77,39.2,3.36
214,Vila Velha,99,BR,1586981280,74,-20.33,-40.29,82.4,13.87
215,Kluang,20,MY,1586981280,94,2.03,103.33,77.0,2.24
216,Usinsk,83,RU,1586981281,96,65.99,57.53,30.63,8.88
217,Hervey Bay,21,AU,1586981281,88,-25.3,152.85,64.99,6.93
218,Nkayi,100,CG,1586981281,85,-4.18,13.29,77.72,2.39
219,Andenes,100,NO,1586981281,92,69.31,16.12,32.0,5.82
220,Ingham,90,US,1586981281,65,42.6,-84.38,37.0,10.29
221,Los Llanos de Aridane,20,ES,1586981282,60,28.66,-17.92,69.8,5.82
222,Lixouri,5,GR,1586981282,65,38.2,20.43,51.01,3.0
223,Grindavik,75,IS,1586981282,74,63.84,-22.43,39.2,14.99
224,Acaraú,99,BR,1586981282,85,-2.89,-40.12,78.39,2.86
225,Itoigawa,100,JP,1586981282,85,37.03,137.85,44.01,6.64
226,Nelson Bay,58,AU,1586981282,93,-32.72,152.15,66.99,9.22
227,Nyurba,100,RU,1586981283,94,63.28,118.33,18.34,6.73
228,Lianzhou,28,CN,1586981283,78,24.78,112.38,60.03,1.12
229,Singaraja,47,ID,1586981152,77,-8.11,115.09,81.86,2.91
230,Boende,36,CD,1586981283,68,-0.22,20.87,78.01,2.19
231,Kruisfontein,100,ZA,1586981284,85,-34.0,24.73,58.71,4.7
232,Kilosa,99,TZ,1586981284,78,-6.83,36.98,71.26,2.51
233,Tsimmerbude,75,RU,1586981284,81,54.67,20.13,46.4,17.9
234,Taoudenni,50,ML,1586981284,30,22.68,-3.98,88.09,15.82
235,Zonguldak,100,TR,1586981284,77,41.25,31.83,42.42,7.45
236,Manokwari,74,ID,1586981285,68,-0.87,134.08,80.31,3.22
237,Fairbanks,1,US,1586981285,64,64.84,-147.72,48.0,3.36
238,Antón,20,PA,1586981285,74,8.4,-80.27,84.2,10.29
239,Torquay,0,GB,1586981285,66,50.46,-3.51,51.01,2.24
240,Lata,40,PT,1586981285,67,40.16,-8.33,60.8,11.41
241,Sharanga,100,RU,1586981286,91,57.18,46.54,33.08,17.87
242,Mahibadhoo,87,MV,1586981286,72,3.78,72.97,84.34,6.22
243,Te Anau,63,NZ,1586981286,72,-45.42,167.72,47.41,6.49
244,Tortolì,5,IT,1586981286,76,39.93,9.66,53.6,16.11
245,Caucaguita,24,VE,1586981286,58,10.36,-66.8,81.0,4.0
246,Cabudare,0,VE,1586981286,20,10.03,-69.09,96.8,5.82
247,Benghazi,69,LY,1586981287,78,32.12,20.07,63.07,17.81
248,Katsuura,92,JP,1586981287,81,35.13,140.3,53.6,21.92
249,Ambulu,17,ID,1586981287,80,-8.35,113.61,78.22,3.33
250,Maputo,79,MZ,1586981275,90,-25.97,32.59,70.23,4.61
251,Zelenoborsk,24,RU,1586981287,92,61.47,64.03,32.07,5.37
252,Isangel,92,VU,1586981287,78,-19.55,169.27,78.89,7.83
253,Biu,0,NG,1586981287,10,10.61,12.19,84.42,10.45
254,Upata,97,VE,1586981288,31,8.01,-62.4,89.49,6.6
255,Khovd,100,MN,1586981288,38,48.01,91.64,44.28,4.56
256,Samfya,93,ZM,1586981288,67,-11.36,29.56,66.33,4.97
257,Shakawe,56,BW,1586981288,33,-18.37,21.85,76.06,3.06
258,Jinxiang,97,CN,1586981288,77,22.86,115.7,66.24,0.65
259,Filingué,23,NE,1586981288,12,14.35,3.32,84.92,2.64
260,Krabi,40,TH,1586981289,100,8.07,98.91,79.0,2.24
261,Charters Towers,5,AU,1586981289,84,-20.1,146.27,65.95,5.48
262,Rome,20,US,1586981209,35,43.21,-75.46,44.01,13.87
263,Olinda,75,BR,1586981289,74,-8.01,-34.86,84.2,4.7
264,Tiarei,19,PF,1586981289,66,-17.53,-149.33,87.8,9.17
265,San Quintín,0,MX,1586981289,49,30.48,-115.95,69.42,11.1
266,Guerrero Negro,0,MX,1586981289,21,27.98,-114.06,80.1,13.6
267,Rio Grande,90,BR,1586981071,60,-32.03,-52.1,70.0,19.46
268,Visby,36,SE,1586981290,66,57.64,18.3,51.01,18.34
269,Paragominas,96,BR,1586981290,88,-2.97,-47.48,76.17,1.19
270,Hobyo,25,SO,1586981166,74,5.35,48.53,84.36,10.87
271,Saint Anthony,90,US,1586981239,56,45.02,-93.22,35.01,10.29
272,Djebeniana,99,TN,1586981290,77,35.03,10.91,66.2,8.05
273,Ugoofaaru,100,MV,1586981290,66,5.67,73.0,85.48,5.46
274,Kinkala,20,CG,1586981291,74,-4.36,14.76,82.4,4.7
275,Nishihara,40,JP,1586981291,77,26.18,127.76,68.0,10.29
276,Santa Rita,75,BR,1586981291,83,-7.11,-34.98,80.6,8.05
277,Praia da Vitória,75,PT,1586981015,67,38.73,-27.07,57.2,20.8
278,Colares,20,PT,1586981292,82,38.8,-9.45,60.8,13.87
279,Marzuq,76,YE,1586981292,49,14.4,46.47,74.53,4.99
280,Valle d'Aosta,6,IT,1586981292,36,45.77,7.42,60.8,3.36
281,San Jerónimo,63,PE,1586981292,21,-11.95,-75.28,60.3,5.46
282,Sungai Penuh,81,ID,1586981227,72,-2.08,101.38,65.53,2.08
283,Tuatapere,66,NZ,1586981292,88,-46.13,167.68,50.0,11.01
284,Shiyan,8,CN,1586981293,71,32.65,110.78,61.74,2.04
285,Matara,66,LK,1586981293,86,5.95,80.54,77.59,4.03
286,Road Town,40,VG,1586981293,70,18.42,-64.62,84.2,10.29
287,Kudahuvadhoo,87,MV,1586981293,65,2.67,72.89,85.06,1.9
288,Sakaiminato,75,JP,1586981293,81,35.55,133.23,46.4,3.36
289,Dankov,84,RU,1586981293,69,53.25,39.16,35.6,11.18
290,Zakharovo,94,RU,1586981293,74,54.37,39.28,35.01,4.0
291,Oistins,20,BB,1586981294,58,13.07,-59.53,86.0,16.11
292,Severo-Kuril'sk,100,RU,1586981294,93,50.68,156.12,32.02,12.41
293,Kavaratti,85,IN,1586981294,69,10.57,72.64,84.13,3.74
294,Petukhovo,82,RU,1586981294,88,55.07,67.9,40.78,6.4
295,Cheremshanka,76,RU,1586981294,76,56.12,60.27,37.6,5.82
296,Gold Coast,0,AU,1586981167,93,-28.0,153.43,62.01,5.82
297,Dongli,90,CN,1586981295,93,23.57,116.82,62.6,2.24
298,Rawson,97,AR,1586981058,37,-43.3,-65.1,71.22,8.72
299,Kočevje,36,SI,1586981295,75,45.64,14.86,46.99,0.67
300,Dicabisagan,68,PH,1586981295,86,17.08,122.42,75.92,4.25
301,Mount Isa,40,AU,1586981106,35,-20.73,139.5,73.4,6.93
302,Arrondissement de Mont-de-Marsan,77,FR,1586981296,59,44.0,-0.67,68.0,8.05
303,Mount Gambier,90,AU,1586981296,100,-37.83,140.77,57.2,5.82
304,Cristalina,99,BR,1586981269,71,-16.77,-47.61,64.87,5.32
305,Naryan-Mar,100,RU,1586981296,94,67.67,53.09,33.51,11.92
306,Catherinas Lust,20,GY,1586981296,70,6.4,-57.6,81.46,10.27
307,Achern,49,DE,1586981296,43,48.63,8.08,55.0,9.17
308,Sawtell,16,AU,1586981297,77,-30.38,153.1,66.2,11.41
309,Hrubieszów,67,PL,1586981297,72,50.8,23.89,43.7,10.92
310,Sept-Îles,75,CA,1586981297,80,50.2,-66.38,35.01,12.75
311,Alofi,71,NU,1586981297,100,-19.06,-169.92,75.2,2.24
312,Urengoy,0,RU,1586981297,92,65.97,78.37,13.35,11.07
313,Beloha,82,MG,1586981298,57,-25.17,45.05,79.03,9.17
314,Anadyr,90,RU,1586981298,85,64.75,177.48,14.0,6.71
315,Chino Valley,1,US,1586981298,15,34.76,-112.45,70.0,3.36
316,Kenai,90,US,1586981298,93,60.55,-151.26,44.01,6.67
317,Coquimbo,75,CL,1586981207,63,-29.95,-71.34,64.4,11.41
318,Naifaru,100,MV,1586981298,67,5.44,73.37,85.53,6.62
319,São Filipe,93,CV,1586981298,76,14.9,-24.5,72.79,15.57
320,Nouakchott,6,MR,1586981299,68,18.09,-15.98,71.6,18.34
321,Boyolangu,47,ID,1586981299,82,-8.12,111.89,76.64,1.63
322,Susa,35,IR,1586981299,20,32.19,48.24,73.87,5.84
323,Lodja,40,CD,1586981299,67,-3.48,23.43,75.72,0.58
324,Soyo,99,AO,1586981299,87,-6.13,12.37,81.55,8.16
325,Chernoistochinsk,83,RU,1586981300,83,57.74,59.87,38.55,6.29
326,Hay River,90,CA,1586981300,92,60.82,-115.8,32.0,3.36
327,Calabozo,27,VE,1586981300,20,8.92,-67.43,98.78,5.41
328,Savannah Bight,0,HN,1586981300,76,16.45,-85.85,82.35,18.21
329,Kulu,80,TR,1586981300,45,39.1,33.08,52.47,7.99
330,Kutiyāna,27,IN,1586981300,46,21.62,69.98,80.91,7.52
331,La Vista,1,US,1586981300,24,41.18,-96.03,52.0,6.93
332,Vacha,78,RU,1586981301,87,55.8,42.77,31.98,11.39
333,Chara,0,RU,1586981301,76,56.91,118.26,25.65,2.19
334,Champerico,75,GT,1586981301,52,14.3,-91.92,91.4,9.17
335,Pirgos,75,GR,1586981301,93,35.12,25.72,63.0,14.99
336,Dunedin,26,NZ,1586981301,78,-45.87,170.5,54.0,1.99
337,Souillac,40,MU,1586981301,74,-20.52,57.52,78.8,16.11
338,Murgab,0,TM,1586981301,81,37.5,61.97,48.2,2.24
339,Ambilobe,7,MG,1586981302,79,-13.2,49.05,73.94,5.35
340,Vila Franca do Campo,20,PT,1586981302,67,37.72,-25.43,57.2,17.22
341,Billings Metropolitan Area,90,US,1586981242,55,45.78,-108.5,37.99,13.87
342,Banyumas,52,ID,1586981302,88,-7.51,109.29,76.84,1.79
343,Maniitsoq,100,GL,1586981302,96,65.42,-52.9,31.57,24.56
344,Waingapu,98,ID,1586981302,82,-9.66,120.26,79.41,7.85
345,Meulaboh,86,ID,1586981302,83,4.14,96.13,79.16,3.69
346,Grand Gaube,40,MU,1586981303,74,-20.01,57.66,78.8,16.11
347,Samarai,100,PG,1586981303,84,-10.62,150.67,80.8,7.05
348,Hamilton,90,US,1586981027,31,39.18,-84.53,52.0,20.8
349,Sabha,100,LY,1586981303,15,27.04,14.43,88.05,7.74
350,Raja,78,SS,1586981303,14,8.46,25.68,76.78,2.89
351,Tilichiki,32,RU,1586981304,95,60.47,166.1,16.48,6.4
352,Wajir,100,KE,1586981304,58,1.75,40.06,85.3,7.83
353,Salinas,1,US,1586981272,35,36.68,-121.66,80.01,5.17
354,Strezhevoy,100,RU,1586981304,96,60.73,77.59,39.2,6.71
355,Springbok,0,ZA,1586981304,49,-29.66,17.89,48.45,3.8
356,Crossville,1,US,1586981184,23,35.95,-85.03,60.01,10.29
357,Äänekoski,34,FI,1586981304,92,62.69,25.82,30.2,2.24
358,Rocky Mountain House,99,CA,1586981304,61,52.37,-114.92,33.53,10.65
359,Znamenskoye,10,RU,1586981305,92,57.13,73.83,32.97,5.57
360,Vallenar,100,CL,1586981305,32,-28.57,-70.76,72.25,6.96
361,Diébougou,50,BF,1586981305,33,10.97,-3.25,91.13,8.63
362,Kahului,40,US,1586981305,65,20.89,-156.47,78.8,3.36
363,Ketchikan,1,US,1586981305,81,55.34,-131.65,48.2,18.34
364,Nouadhibou,5,MR,1586981305,77,20.93,-17.03,68.0,18.34
365,Zaraza,42,VE,1586981306,41,9.35,-65.32,89.6,14.34
366,Kyaukse,0,MM,1586981306,26,21.6,96.13,80.85,10.27
367,Yerbogachën,100,RU,1586981306,88,61.28,108.01,35.26,5.97
368,Along,27,IN,1586981306,60,28.17,94.77,66.96,4.05
369,Vardø,20,NO,1586981306,74,70.37,31.11,35.6,25.28
370,Starokostiantyniv,95,UA,1586981306,72,49.76,27.2,42.91,14.23
371,Dingle,86,PH,1586981307,75,11.0,122.67,77.4,5.64
372,Wesselsbron,15,ZA,1586981307,24,-27.85,26.37,56.12,5.3
373,Brae,58,GB,1586981307,75,60.4,-1.35,46.4,17.22
374,Soc Trang,62,VN,1586981307,79,9.6,105.98,80.58,9.06
375,Sola,100,VU,1586981307,81,-13.88,167.55,81.01,15.03
376,Ibipeba,100,BR,1586981051,76,-11.64,-42.01,66.6,8.52
377,Acajutla,24,SV,1586981308,77,13.59,-89.83,84.0,3.0
378,Chifeng,100,CN,1586981308,62,42.27,118.96,45.54,4.88
379,Kathu,20,TH,1586981308,100,7.92,98.33,75.2,1.12
380,Price,90,US,1586981308,23,39.6,-110.81,54.0,5.82
381,Christiana,17,ZA,1586981308,23,-27.91,25.16,57.4,5.5
382,Zhuhai,20,CN,1586981308,93,22.28,113.57,69.01,2.24
383,Teya,31,RU,1586981309,78,60.38,92.63,36.41,2.21
384,Bogorodskoye,78,RU,1586981309,82,56.55,37.88,34.27,8.61
385,Roald,30,NO,1586981309,86,62.58,6.13,42.8,17.22
386,Port Macquarie,40,AU,1586981309,93,-31.43,152.92,59.0,6.53
387,Saint-Pierre,0,RE,1586981309,69,-21.34,55.48,75.2,6.93
388,Half Moon Bay,20,US,1586981310,37,37.46,-122.43,81.0,5.82
389,Borisoglebskiy,56,RU,1586981310,85,57.26,39.15,32.0,8.95
390,Beroroha,1,MG,1586981310,58,-21.67,45.17,77.18,14.45
391,Laguna,1,US,1586981208,37,38.42,-121.42,79.0,4.7
392,Øksfjord,97,NO,1586981310,94,70.24,22.35,37.4,3.8
393,Bathurst,99,AU,1586981248,65,-33.42,149.58,55.0,2.95
394,Marechal Cândido Rondon,0,BR,1586981311,33,-24.56,-54.06,71.6,13.87
395,Nuuk,75,GL,1586981311,96,64.18,-51.72,33.8,33.33
396,Verkhoyansk,100,RU,1586981311,88,67.54,133.38,-0.36,7.63
397,Yangi Marg`ilon,90,UZ,1586981311,76,40.43,71.72,50.0,3.56
398,Acapulco de Juárez,20,MX,1586981311,78,16.86,-99.89,82.4,10.29
399,Puquio,19,PE,1586981311,23,-14.7,-74.13,53.73,10.83
400,Pesnica pri Mariboru,84,SI,1586981312,53,46.61,15.68,48.2,2.24
401,Haines Junction,97,CA,1586981092,66,60.75,-137.51,43.3,6.51
402,Eilat,9,IL,1586981312,25,29.56,34.95,77.0,11.41
403,Buala,97,SB,1586981312,75,-8.14,159.59,83.57,3.91
404,Santa Cruz de la Sierra,75,BO,1586981025,34,-17.8,-63.17,80.6,12.75
405,Alice Springs,0,AU,1586981312,21,-23.7,133.88,60.8,4.7
406,Nome,90,US,1586981312,86,64.5,-165.41,34.0,6.93
407,Tupik,0,RU,1586981313,88,54.43,119.93,25.68,1.61
408,Mumford,47,GH,1586981313,82,5.26,-0.76,82.74,6.82
409,Itaituba,75,BR,1586981313,94,-4.28,-55.98,77.0,1.83
410,Ekenäs,98,FI,1586981313,76,59.97,23.43,37.99,4.0
411,Constitución,100,CL,1586981313,62,-35.33,-72.42,60.46,5.91
412,Bubaque,36,GW,1586981313,67,11.28,-15.83,79.75,17.18
413,Marshall,1,US,1586981213,26,34.38,-86.33,60.01,10.29
414,Zliten,100,LY,1586981314,75,32.47,14.57,64.71,7.63
415,Sioux Lookout,40,CA,1586981314,38,50.1,-91.92,28.4,11.41
416,Umm Kaddadah,0,SD,1586981314,13,13.6,26.69,71.65,12.5
417,Dāhānu,14,IN,1586981314,68,19.97,72.73,80.8,7.11
418,Lake Charles,5,US,1586981314,36,30.21,-93.2,68.0,11.41
419,Timmins,75,CA,1586981036,49,48.47,-81.33,26.6,8.05
420,Luxeuil-les-Bains,9,FR,1586981315,38,47.82,6.37,59.0,5.82
421,Richards Bay,95,ZA,1586981315,77,-28.78,32.04,70.45,2.86
422,Mossamedes,63,AO,1586981315,67,-15.2,12.15,75.74,3.02
423,Severnyy,100,RU,1586981315,60,50.68,36.55,39.2,8.95
424,Ligayan,46,PH,1586981315,70,4.65,119.47,83.12,7.0
425,Bucksport,75,US,1586981315,60,44.57,-68.8,48.0,14.99
426,Mandalgovi,4,MN,1586981315,54,45.76,106.27,30.76,15.7
427,Sombrio,0,BR,1586981316,42,-29.11,-49.62,67.21,9.48
428,Natal,75,BR,1586981316,83,-5.79,-35.21,80.6,2.24
429,Shelburne,20,CA,1586981283,65,44.08,-80.2,39.2,11.41
430,Dongsheng,0,CN,1586981316,38,39.82,109.98,36.77,17.09
431,Dudinka,0,RU,1586981316,60,69.41,86.18,8.6,11.18
432,Nova Viçosa,45,BR,1586981317,83,-17.89,-39.37,79.12,7.67
433,Petrolina,40,BR,1586981035,49,-9.4,-40.5,91.4,3.36
434,Celano,0,IT,1586981317,52,42.09,13.54,52.0,5.82
435,Aktash,50,RU,1586981317,46,50.3,87.73,25.47,2.82
436,Pokhara,59,NP,1586981317,35,28.23,83.98,65.73,3.15
437,Iralaya,40,HN,1586981317,59,15.0,-83.23,91.4,13.87
438,Presque Isle,75,US,1586981318,35,46.68,-68.02,45.0,13.87
439,Sabang,79,ID,1586981318,74,5.89,95.32,82.67,0.96
440,Bellevue,40,US,1586981318,54,47.61,-122.2,64.0,6.93
441,Japura,99,ID,1586981318,96,-0.32,102.35,73.85,0.92
442,Aktau,19,KZ,1586981319,66,43.65,51.2,50.0,13.42
443,Paamiut,100,GL,1586981319,94,61.99,-49.67,32.74,11.23
444,Uarini,84,BR,1586981319,63,-2.99,-65.11,86.94,0.56
445,La Cruz,100,MX,1586981319,37,23.92,-106.9,79.21,10.02
446,Merano,36,IT,1586981320,38,46.67,11.16,59.0,6.93
447,Ghanzi,34,BW,1586981320,25,-21.57,21.78,72.82,6.35
448,Casablanca,40,MA,1586981044,72,33.59,-7.62,64.99,9.17
449,Cavalcante,100,BR,1586981320,72,-13.8,-47.46,69.04,3.58
450,Slave Lake,90,CA,1586981320,80,55.28,-114.77,33.8,5.82
451,Egvekinot,91,RU,1586981320,93,66.32,-179.17,20.16,6.35
452,Lavrentiya,6,RU,1586981320,94,65.58,-171.0,26.83,1.92
453,La Ronge,75,CA,1586981321,39,55.1,-105.28,30.2,16.11
454,Saint Andrews,40,US,1586981321,36,34.05,-81.13,64.99,8.05
455,Macheng,41,CN,1586981321,68,31.18,115.03,61.9,7.27
456,Prince Rupert,40,CA,1586981087,87,54.32,-130.32,46.4,3.36
457,Dawlatabad,0,AF,1586981321,44,36.41,64.91,54.52,5.79
458,Ozieri,0,IT,1586981321,81,40.59,9.0,55.4,1.12
459,Yārāda,16,IN,1586981322,78,17.65,83.27,82.4,3.36
460,Fairmont,40,US,1586981264,34,39.49,-80.14,51.8,13.87
461,Khatukay,87,RU,1586981322,81,45.19,39.67,42.8,2.24
462,Smithers,20,CA,1586981322,57,54.78,-127.17,50.0,2.24
463,Broome,90,US,1586981322,35,42.25,-75.83,46.0,11.41
464,Kano,14,NG,1586981322,24,12.0,8.52,91.4,5.82
465,Chambersburg,1,US,1586981322,29,39.94,-77.66,54.0,5.82
466,Jiayuguan City,72,CN,1586981323,27,39.82,98.3,47.3,6.17
467,Makakilo City,1,US,1586981323,65,21.35,-158.09,80.6,6.93
468,Hondomachi-hondo,100,JP,1586981323,69,32.45,130.2,59.14,6.98
469,La Paz,40,BO,1586981149,21,-16.5,-68.15,60.8,9.17
470,Doka,36,SD,1586981323,13,13.52,35.77,78.96,8.25
471,Gorshechnoye,100,RU,1586981323,70,51.52,38.04,37.18,14.16
472,Tornio,75,FI,1586981324,99,65.85,24.15,32.0,2.24
473,Bengkulu,86,ID,1586981284,81,-3.8,102.27,77.95,3.69
474,Olafsvik,99,IS,1586981324,84,64.89,-23.71,34.72,10.42
475,Chumphon,98,TH,1586981324,86,10.33,98.83,75.33,2.53
476,Ust-Maya,97,RU,1586981324,89,60.42,134.53,20.39,8.03
477,Bambous Virieux,40,MU,1586981324,74,-20.34,57.76,78.8,16.11
478,Zeya,0,RU,1586981324,85,53.75,127.27,32.18,1.99
479,Bontang,93,ID,1586981283,81,0.13,117.5,78.49,7.09
480,Conde,75,BR,1586981325,83,-7.26,-34.91,80.6,8.05
481,Ossora,100,RU,1586981325,97,59.24,163.07,26.17,5.61
482,Llanes,92,ES,1586981325,60,43.42,-4.75,66.99,12.19
483,Auki,100,SB,1586981325,73,-8.77,160.7,83.5,5.17
484,Belmonte,75,BR,1586981325,94,-15.86,-38.88,77.0,3.36
485,Wisconsin Rapids,75,US,1586981325,42,44.38,-89.82,35.6,12.75
486,Les Cayes,31,HT,1586981326,72,18.2,-73.75,81.79,6.44
487,Lensk,100,RU,1586981326,85,60.73,114.93,33.89,4.83
488,Talnakh,0,RU,1586981326,60,69.49,88.4,8.6,11.18
489,Fukuechō,73,JP,1586981326,65,32.69,128.84,59.23,12.75
490,Seminole,20,US,1586981326,69,28.71,-81.21,91.0,12.75
491,Bud,90,US,1586981327,56,39.45,-86.18,46.99,16.11
492,Hambantota,40,LK,1586981327,77,6.12,81.12,80.96,5.08
493,Ostrovnoy,100,RU,1586981327,95,68.05,39.51,32.74,2.82
494,Bukama,78,CD,1586981327,76,-9.2,25.85,72.05,0.74
495,Montepuez,12,MZ,1586981327,86,-13.13,39.0,68.52,3.42
496,Airai,100,TL,1586981327,77,-8.93,125.41,61.18,1.95
497,At-Bashi,100,KG,1586981328,36,41.17,75.81,41.29,3.02
498,Bratsk,20,RU,1586981328,34,56.13,101.61,37.4,2.24
499,Kloulklubed,75,PW,1586981328,94,7.04,134.26,77.0,5.82
500,Doha,75,QA,1586981121,88,25.29,51.53,73.99,5.82
501,Deming,1,US,1586981055,15,32.27,-107.76,64.99,5.82
502,Glenwood Springs,90,US,1586981312,42,39.55,-107.32,46.0,13.87
503,Labuhan,34,ID,1586981328,83,-6.88,112.21,78.42,3.49
504,Vidim,0,RU,1586981329,71,56.41,103.11,34.0,1.79
505,Sosnovka,100,RU,1586981329,81,56.26,51.28,49.53,18.41
506,Mbanza-Ngungu,100,CD,1586981329,78,-5.25,14.87,72.61,2.93
507,Ivanava,65,BY,1586981329,83,52.15,25.54,41.45,12.55
508,Namatanai,100,PG,1586981329,75,-3.67,152.43,81.14,2.66
509,Dauphin,96,CA,1586981329,73,51.15,-100.05,31.73,10.25
510,Inírida,42,CO,1586981330,47,3.87,-67.92,92.34,0.58
511,Lorengau,88,PG,1586981330,73,-2.02,147.27,82.06,1.57
512,Serebryansk,40,KZ,1586981330,70,49.69,83.29,32.0,3.31
513,Korop,97,UA,1586981330,89,51.57,32.96,37.98,13.69
514,Novyy Urgal,0,RU,1586981330,77,51.07,132.56,32.76,1.01
515,Atambua,100,ID,1586981330,82,-9.11,124.89,73.67,2.26
516,Ormara,87,PK,1586981331,64,25.21,64.64,80.06,9.53
517,Novobelokatay,100,RU,1586981331,76,55.71,58.95,39.36,5.41
518,Ahipara,28,NZ,1586981331,74,-35.17,173.17,63.68,16.42
519,Coyhaique,90,CL,1586981331,71,-45.58,-72.07,59.0,4.7
520,Guia Lopes da Laguna,0,BR,1586981331,54,-21.46,-56.11,67.55,4.65
521,Narsaq,75,GL,1586981331,69,60.92,-46.05,39.2,6.93
522,Pec,25,XK,1586981332,45,42.66,20.29,42.8,4.7
523,Sibu,75,MY,1586981332,94,2.3,111.82,77.0,1.21
524,Aden,28,YE,1586981332,77,12.78,45.04,82.85,9.82
525,Flinders,100,AU,1586981332,43,-34.58,150.86,71.6,8.05
526,Byron Bay,2,AU,1586981332,93,-28.65,153.62,60.8,4.99
527,Zyryanka,100,RU,1586981332,93,65.75,150.85,4.41,17.4
528,Lashio,0,MM,1586981333,38,22.93,97.75,65.75,0.67
529,Ceres,1,US,1586981129,22,37.59,-120.96,81.0,3.36
530,Dubai,20,AE,1586981266,88,25.26,55.3,71.6,9.17
531,Oranjemund,1,NA,1586981333,90,-28.55,16.43,57.74,10.45
532,San Pedro de Lloc,0,PE,1586981333,60,-7.43,-79.51,78.13,14.61
533,Havøysund,75,NO,1586981333,80,71.0,24.66,35.6,13.87
534,Huarmey,16,PE,1586981334,60,-10.07,-78.15,79.36,7.65
535,Suntar,100,RU,1586981334,92,62.14,117.63,25.07,6.64
536,Mogadouro,3,PT,1586981334,74,41.34,-6.71,46.65,7.38
537,Youghal,20,IE,1586981335,61,51.95,-7.85,53.01,4.7
538,Khandyga,96,RU,1586981335,87,62.67,135.6,15.8,7.18
539,Guía de Isora,20,ES,1586981335,64,28.21,-16.78,69.8,12.75
540,Riyadh,0,SA,1586981133,68,24.69,46.72,69.8,11.41
541,Sistranda,75,NO,1586981335,80,63.73,8.83,41.0,18.34
542,Aykhal,2,RU,1586981336,65,66.0,111.5,6.8,4.36
543,Vandalūr,0,IN,1586981336,79,12.89,80.08,84.2,2.24
544,Qasigiannguit,75,GL,1586981336,50,68.82,-51.19,30.2,4.7
545,Odesa,40,UA,1586981336,34,46.48,30.73,50.0,11.18
546,Agadez,100,NE,1586981336,11,19.75,10.25,85.62,4.29
547,Sobral,52,BR,1586981062,87,-3.69,-40.35,77.47,1.45
548,Bulgan,0,MN,1586981337,55,48.81,103.53,32.09,2.39
549,Bhandāra,40,IN,1586981337,35,21.17,79.65,86.0,10.29
550,Chute-aux-Outardes,75,CA,1586981337,69,49.12,-68.4,35.6,4.7
551,Benguela,5,AO,1586981337,84,-12.58,13.41,78.6,3.76
552,Kumul,100,CN,1586981338,25,42.8,93.45,63.93,16.82
553,Pokrovskoye,68,RU,1586981338,70,47.42,38.9,42.01,7.0
554,Voyvozh,85,RU,1586981338,89,62.89,54.96,32.05,9.19
555,Gorontalo,75,ID,1586981338,86,0.54,123.06,75.58,2.53
556,Kpandae,65,GH,1586981338,52,8.47,-0.01,87.35,6.08
557,Clyde River,40,CA,1586981339,84,70.47,-68.59,6.8,16.11
558,Saint-François,0,FR,1586981339,51,46.42,3.91,59.0,4.7
559,Lüderitz,0,NA,1586981339,67,-26.65,15.16,62.6,14.99
560,Bodden Town,20,KY,1586981229,70,19.28,-81.25,87.8,10.29
561,Dalbandin,85,PK,1586981339,23,28.89,64.41,72.86,6.96
562,Wilmington,90,US,1586981340,57,34.23,-77.94,54.0,13.87
563,Pangkalanbuun,23,ID,1586981340,88,-2.68,111.62,76.17,1.39
564,Takapau,29,NZ,1586981340,88,-40.03,176.35,55.99,7.0
565,Ubari,100,LY,1586981340,14,26.59,12.78,85.55,6.69
566,Healesville,90,AU,1586981340,72,-37.65,145.52,63.0,8.05
567,Vestmannaeyjar,71,IS,1586981341,74,63.44,-20.27,39.96,17.58
568,Carauari,96,BR,1586981341,66,-4.88,-66.9,84.13,1.52
569,Cap Malheureux,40,MU,1586981341,74,-19.98,57.61,78.8,16.11
570,Kulhudhuffushi,100,MV,1586981341,64,6.62,73.07,85.26,3.13
571,Jacmel,12,HT,1586981341,66,18.23,-72.53,86.0,11.41
572,Jiangyou,9,CN,1586981342,62,31.77,104.72,61.36,2.84
573,Mukhen,0,RU,1586981342,76,48.1,136.1,35.13,4.32
574,Cullera,75,ES,1586981342,93,39.17,-0.25,61.0,5.82
575,Novorozhdestvenskaya,44,RU,1586981342,87,45.86,39.95,38.05,6.82
